0,Wir sollten eine Stadtversammlung zum Thema "Energie" einberufen.
-1,Das Nachrichtenangebot mit dem Bürgermeister sollte ausgebaut werden
-1,Geschäfte sollen jeden Tag 24h geöffnet haben.
0,Wir sollten eine Stadtversammlung zum Thema "Schule" einberufen.
0,Wir sollten eine Stadtversammlung zum Thema "Freizeit" einberufen.
0,Wir sollten eine Stadtversammlung zum Thema "Gewerbesteuer" einberufen.
0,Wir sollten eine Stadtversammlung zum Thema "Hauptstraße" einberufen.
0,Wir sollten eine Stadtversammlung zum Thema "ÖPNV" einberufen.
0,Wir sollten eine Stadtversammlung zum Thema "Polizei" einberufen.
0,Wir sollten eine Stadtversammlung zum Thema "Alkohol" einberufen.
-1,Ich kann keine Korruption in der Stadt entdecken.
0,Wir sollten eine Stadtversammlung zum Thema "Kirche" einberufen.
0,Wir sollten eine Stadtversammlung zum Thema "Einschinenbahn" einberufen.
0,Wir sollten eine Stadtversammlung zum Thema "Shelbyville" einberufen.
0,Wir sollten eine Stadtversammlung zum Thema "Außerirdische" einberufen.
