1,Regenerative Energien sollen gefördert werden.
-1,Der lokale Fernsehsender soll mehr qualitative Sendungen bringen.
1,Geschäfte dürfen nicht mehr 24h am Tag geöffnet haben.
1,Bei einem Ganztagsangebot wüsste man immer, wo die Schüler sich aufhalten.
-1,Das Geld sollte in andere Einrichtungen gesteckt werden.
1,Die Gewerbesteuer soll erhöht werden
1,Auf der Hauptstraße darf nur noch Tempo 30 gelten.
1,Der Öffentliche Nahverkehr muss ausgebaut werden
-1,Es wird nicht mehr Polizei auf den Straßen benötigt
-1,Alkohol ist eine Droge, die unsere Stadt unterminiert.
1,Eine Anti-Korruptionsbehörde soll eingerichtet werden.
-1,Man kann die Leute nicht zur Religion zwingen.
-1,Eine Stadt unserer Größe braucht keine Einschienenbahn.
1,Schelbyville hat uns nie etwas gegönnt.
-1,Wir sollten tolerant sein.

