"Energie","Regenerative Energien sollen gefördert werden."
"Fernsehen","Der lokale Fernsehsender soll nur noch Spielfilme und Serien aus den 80-er Jahren bringen."
"Öffnungszeiten","Geschäfte dürfen nicht mehr 24h am Tag geöffnet haben."
"Schule","Die Schule soll ein Ganztagsangebot einführen."
"Freizeit","Der Freizeitpark soll eine neue Wasserrutsche bekommen."
"Gewerbesteuer","Die Gewerbesteuer soll erhöht werden"
"Geschwindigkeit","Auf der Hauptstraße darf nur noch Tempo 30 gelten."
"ÖPNV","Der Öffentliche Nahverkehr muss ausgebaut werden"
"Sicherheit","Es wird mehr Polizei auf den Straßen benötigt"
"Alkohol","Alkohol soll in der Stadt verboten werden."
"Korruption","Eine Anti-Korruptionsbehörde soll eingerichtet werden."
"Kirche","Der sonntägliche Kirchbesuch soll verpflichtend gemacht werden."
"Einschienenbahn","Die Stadt soll eine Einschienenbahn bekommen."
"Shelbyville","Die Beziehungen zur Nachbarstadt Schelbyville sollen eingestellt werden."
"Kang und Kodos","Grüne Außerirdische sind in der Stadt nicht länger geduldet."