0,Wir sollten eine Stadtversammlung zum Thema &quot;Energie&quot; einberufen.
-1,Das Nachrichtenangebot mit dem Bürgermeister sollte ausgebaut werden
-1,Geschäfte sollen jeden Tag 24h geöffnet haben.
0,Wir sollten eine Stadtversammlung zum Thema &quot;Schule&quot; einberufen.
0,Wir sollten eine Stadtversammlung zum Thema &quot;Freizeit&quot; einberufen.
0,Wir sollten eine Stadtversammlung zum Thema &quot;Gewerbesteuer&quot; einberufen.
0,Wir sollten eine Stadtversammlung zum Thema &quot;Hauptstraße&quot; einberufen.
0,Wir sollten eine Stadtversammlung zum Thema &quot;ÖPNV&quot; einberufen.
0,Wir sollten eine Stadtversammlung zum Thema &quot;Polizei&quot; einberufen.
0,Wir sollten eine Stadtversammlung zum Thema &quot;Alkohol&quot; einberufen.
-1,Ich kann keine Korruption in der Stadt entdecken.
0,Wir sollten eine Stadtversammlung zum Thema &quot;Kirche&quot; einberufen.
0,Wir sollten eine Stadtversammlung zum Thema &quot;Einschinenbahn&quot; einberufen.
0,Wir sollten eine Stadtversammlung zum Thema &quot;Shelbyville&quot; einberufen.
0,Wir sollten eine Stadtversammlung zum Thema &quot;Außerirdische&quot; einberufen.