-1,Wichtige Geschäftsfelder basieren auf Kooperationen mit der Atomindustrie
1,Spielfilme und Serien der 80-er vermitteln ein positives Image unseres Berufsstandes
-1,Geschäfte sollten immer geöffnet haben um seinen &quot;Geschäften&quot; nachzugehen.
0,Schule ist keines unserer Hauptgeschäftsfelder.
1,Beim Bau einer Wasserrutsche im Freizeitpark sind wir dabei!
-1,Eine höhere Gewerbesteuer wirkt sich negativ auf unser &quot;Geschäft&quot; aus.
-1,Tempo 30 auf der Hauptstraße behindert unsere &quot;Geschäfte&quot;.
-1,Wir brauchen den Öffentlichen Nahverkehr sowieso nicht.
-1,Es ist schon viel zu viel Polizei unterwegs.
0,Eine Prohibition müsste gut überlegt sein.
-1,Es gibt keine Korruption in der Stadt.
-1,Wir sind schon so sehr oft zum Beichten.
1,Wir beteiligen uns gern am Bau einer  Einschienenbahn.
0,Die Beziehungen zur Nachbarstadt Schelbyville sind uns egal.
0,Grüne Außerirdische sind uns egal.