-1,Das wäre schlecht fürs Atomkraftwerk
1,Spielfilme und Serien aus den 80-er sind toll!
1,Dann können wir mit Apu auch mal wieder Essen gehen.
1,Ein Ganztagsangebot in der Schule hält mir die Kinder vom Leib.
-1,Mit einer neuen Wasserrutsche wollen die Kinder bloß wieder in den Freizeitpark.
1,Ja, die Gewerbesteuer soll erhöht werden.
-1,Tempo 30 ist doch keine Geschwindigkeit.
-1,Wer braucht den Öffentlichen Nahverkehr?
1,Wir brauchen mehr Polizei auf den Straßen.
-1,Finger weg vom Alkohol.
1,Eine Anti-Korruptionsbehörde soll eingerichtet werden.
-1,Nicht noch mehr Kirche.
1,Die Stadt soll eine Einschienenbahn bekommen.
1,Die Beziehungen zur Nachbarstadt Schelbyville sollen eingestellt werden.
1,Grüne Außerirdische sind in der Stadt nicht länger geduldet.