0,"Quimby"
0,"B&uuml;rgermeister Quimby"
0,"Joseph Quimby ist der korrupte und äußerst unfähige Bürgermeister von Springfield, der trotz der vielen Kritik an seiner Amtsführung immer wieder gewählt wird. Quimby veruntreut oft Geld aus dem Budget der Stadt für Privaturlaube auf Aruba oder ein privates Schwimmbad im altrömischen Stil. Quimbys Hang zur Korruption manifestiert sich schon in seinem Siegel, das die lateinische Aufschrift corruptus in extremis trägt. Er hat zahlreiche Affären mit Models, Sekretärinnen und anderen jungen Damen und lebt daher in ständiger Angst vor Entdeckung durch seine Ehefrau, deren äußeres Erscheinungsbild stark an Jacqueline Kennedy angelehnt ist. Quimby ist Mitglied der Demokratischen Partei."
0,"https://www.bm-quimby.bmq"
0,https://upload.wikimedia.org/wikipedia/en/5/51/Mayor_Quimby.png
0,Wir sollten eine Stadtversammlung zum Thema &quot;Energie&quot; einberufen.
-1,Das Nachrichtenangebot mit dem Bürgermeister sollte ausgebaut werden
-1,Geschäfte sollen jeden Tag 24h geöffnet haben.
0,Wir sollten eine Stadtversammlung zum Thema &quot;Schule&quot; einberufen.
0,Wir sollten eine Stadtversammlung zum Thema &quot;Freizeit&quot; einberufen.
0,Wir sollten eine Stadtversammlung zum Thema &quot;Gewerbesteuer&quot; einberufen.
0,Wir sollten eine Stadtversammlung zum Thema &quot;Hauptstraße&quot; einberufen.
0,Wir sollten eine Stadtversammlung zum Thema &quot;ÖPNV&quot; einberufen.
0,Wir sollten eine Stadtversammlung zum Thema &quot;Polizei&quot; einberufen.
0,Wir sollten eine Stadtversammlung zum Thema &quot;Alkohol&quot; einberufen.
-1,Ich kann keine Korruption in der Stadt entdecken.
0,Wir sollten eine Stadtversammlung zum Thema &quot;Kirche&quot; einberufen.
0,Wir sollten eine Stadtversammlung zum Thema &quot;Einschinenbahn&quot; einberufen.
0,Wir sollten eine Stadtversammlung zum Thema &quot;Shelbyville&quot; einberufen.
0,Wir sollten eine Stadtversammlung zum Thema &quot;Außerirdische&quot; einberufen.
0
0,"Fat Tony"
0,"Ehrenwerte Gesch&auml;ftsleute"
0,"Fat Tony, ist Mafioso, Anführer der Springfielder Mafia und Oberhaupt im &quot;Klub des ehrenwerten Geschäftsmanns&quot;. Er begann bei der Mafia als sein Haus vom 12 Uhr Zug zerstört wurde. Anthony beschloss das seine Familie ihm nichts mehr bieten konnte und suchte sein Heil bei der örtlichen Mafia. Er hat einen Sohn namens Michael, der zeitweise die Grundschule von Springfield besucht."
0,https://www.ehrenwerte-geschaeftsleute.eg
0,https://upload.wikimedia.org/wikipedia/en/3/3e/FatTony.png
-1,Wichtige Geschäftsfelder basieren auf Kooperationen mit der Atomindustrie
1,Spielfilme und Serien der 80-er vermitteln ein positives Image unseres Berufsstandes
-1,Geschäfte sollten immer geöffnet haben um seinen &quot;Geschäften&quot; nachzugehen.
0,Schule ist keines unserer Hauptgeschäftsfelder.
1,Beim Bau einer Wasserrutsche im Freizeitpark sind wir dabei!
-1,Eine höhere Gewerbesteuer wirkt sich negativ auf unser &quot;Geschäft&quot; aus.
-1,Tempo 30 auf der Hauptstraße behindert unsere &quot;Geschäfte&quot;.
-1,Wir brauchen den Öffentlichen Nahverkehr sowieso nicht.
-1,Es ist schon viel zu viel Polizei unterwegs.
0,Eine Prohibition müsste gut überlegt sein.
-1,Es gibt keine Korruption in der Stadt.
-1,Wir sind schon so sehr oft zum Beichten.
1,Wir beteiligen uns gern am Bau einer  Einschienenbahn.
0,Die Beziehungen zur Nachbarstadt Schelbyville sind uns egal.
0,Grüne Außerirdische sind uns egal.
0,
0,"Homer"
0,"Normale Bürger von Springfield"
0,"Homer Jay Simpson, ist der Vater von Bart, Lisa und Maggie und der Ehemann von Marge. Homers Alter variiert in den Folgen von 36 bis 40 Jahre. Die Figur vereinigt mehrere Stereotype der US-amerikanischen Arbeiterklasse, etwa Übergewicht, Faulheit, Intoleranz, Inkompetenz und Gedankenlosigkeit. Die Komplexität des Charakters, der trotz seiner Herkunft aus der Unterschicht zahlreiche bemerkenswerte Erfahrungen im Verlauf der Serie macht, trug dazu bei, dass er nach Meinung etwa der Sunday Times als eine der beliebtesten humoristischen Kreationen der Gegenwart angesehen wird. "
0,www.somer-himpson.sh
0,https://upload.wikimedia.org/wikipedia/en/0/02/Homer_Simpson_2006.png
-1,Das wäre schlecht fürs Atomkraftwerk
1,Spielfilme und Serien aus den 80-er sind toll!
1,Dann können wir mit Apu auch mal wieder Essen gehen.
1,Ein Ganztagsangebot in der Schule hält mir die Kinder vom Leib.
-1,Mit einer neuen Wasserrutsche wollen die Kinder bloß wieder in den Freizeitpark.
1,Ja, die Gewerbesteuer soll erhöht werden.
-1,Tempo 30 ist doch keine Geschwindigkeit.
-1,Wer braucht den Öffentlichen Nahverkehr?
1,Wir brauchen mehr Polizei auf den Straßen.
-1,Finger weg vom Alkohol.
1,Eine Anti-Korruptionsbehörde soll eingerichtet werden.
-1,Nicht noch mehr Kirche.
1,Die Stadt soll eine Einschienenbahn bekommen.
1,Die Beziehungen zur Nachbarstadt Schelbyville sollen eingestellt werden.
1,Grüne Außerirdische sind in der Stadt nicht länger geduldet.
0,
0,Bob
0,"Show-Gesch&auml;ft und Weltherrschaft"
0,"Tingeltangel-Bob ist der ehemalige Assistent von Krusty, dem Clown, in dessen Fernsehshow. Seine Arbeit ist ihm verhasst, weil ihn Krustys Oberflächlichkeit anwidert. Er hängt Krusty einen Überfall des Kwik-E-Marts an, übernimmt seine Show und versucht, sie in eine hochintellektuelle Sendung umzuwandeln. Dabei scheitert er und zeigt daraufhin seine wahre Natur als Psychopath. Später versucht er, Selma Bouvier in die Luft zu jagen. Bart legt ihm in beiden Fällen das Handwerk und bringt ihn somit ins Gefängnis. Aus Rache versucht er ständig Bart umzubringen. In mehreren Folgen wird sein Größenwahn thematisiert. Jedoch werden seine Verbrechen stets von Bart und Lisa vereitelt. Trotz unzähliger Mordversuche wird er immer wieder vorzeitig aus dem Gefängnis entlassen, oft auch ohne jeden Grund. Zu seinem Nachfolger in Krustys Fernsehshow wird Tingeltangel-Mel."
0,www.timgeltangel-b.ti
0,https://upload.wikimedia.org/wikipedia/en/c/c8/C-bob.png
1,Regenerative Energien sollen gefördert werden.
-1,Der lokale Fernsehsender soll mehr qualitative Sendungen bringen.
1,Geschäfte dürfen nicht mehr 24h am Tag geöffnet haben.
1,Bei einem Ganztagsangebot wüsste man immer, wo die Schüler sich aufhalten.
-1,Das Geld sollte in andere Einrichtungen gesteckt werden.
1,Die Gewerbesteuer soll erhöht werden
1,Auf der Hauptstraße darf nur noch Tempo 30 gelten.
1,Der Öffentliche Nahverkehr muss ausgebaut werden
-1,Es wird nicht mehr Polizei auf den Straßen benötigt
-1,Alkohol ist eine Droge, die unsere Stadt unterminiert.
1,Eine Anti-Korruptionsbehörde soll eingerichtet werden.
-1,Man kann die Leute nicht zur Religion zwingen.
-1,Eine Stadt unserer Größe braucht keine Einschienenbahn.
1,Schelbyville hat uns nie etwas gegönnt.
-1,Wir sollten tolerant sein.
0,
0,Monty
0,Wirtschaft und Atomenergie
0,"Charles Montgomery 'Monty' Burns ist Besitzer des Atomkraftwerkes, Homers Arbeitgeber und der reichste und mächtigste Mann in Springfield. Er ist eine immer wiederkehrende Nebenfigur. Burns vertritt in der Serie das Klischee des bösen und unsympathischen Kapitalisten, der einen Sozialstaat und Gewerkschaften ablehnt. Dadurch und durch seine Rücksichtslosigkeit gegenüber anderen versucht er, immer mehr Reichtum anzuhäufen, obwohl er mehr Geld besitzt, als er jemals ausgeben könnte. Bei seinen Machenschaften kann er sich auf die Unterstützung seines unterwürfigen Assistenten Waylon Smithers verlassen, der ihm auch als Haushälter seines großen Anwesens dient. "
0,www.montys-partei.mp
0,https://upload.wikimedia.org/wikipedia/en/5/56/Mr_Burns.png
-1,Regenerative Energien sind nichts als Humbug.
1,Der lokale Fernsehsender soll nur noch Spielfilme und Serien aus den 80-er Jahren bringen.
0,Öffnungszeiten sind uns egal.
-1,Ein Ganztagsangebot ist nur Geldverschwendung. Die Schüler sollten lieber arbeiten.
-1,Der Freizeitpark sollte komplett geschlossen werden.
-1,Die Gewerbesteuer sollte gesenkt werden.
0,Geschwindigkeiteslimits sind uns egal. Wir zahlen jeden Strafzettel sofort.
-1,Der Öffentliche Nahverkehr ist eine Geldverschwendung.
1,Es wird mehr Polizei auf den Straßen benötigt
0,Alkohol ist mir egal.
-1,Ich kann keine Korruption entdecken.
-1,Wozu Kirche?
1,Die Stadt soll eine Einschienenbahn bekommen.
-1,Die Beziehungen zur Nachbarstadt Schelbyville sollten ausgebaut werden.
1,Grüne Außerirdische sind in der Stadt nicht länger geduldet.
0,