-1,Regenerative Energien sind nichts als Humbug.
1,Der lokale Fernsehsender soll nur noch Spielfilme und Serien aus den 80-er Jahren bringen.
0,Öffnungszeiten sind uns egal.
-1,Ein Ganztagsangebot ist nur Geldverschwendung. Die Schüler sollten lieber arbeiten.
-1,Der Freizeitpark sollte komplett geschlossen werden.
-1,Die Gewerbesteuer sollte gesenkt werden.
0,Geschwindigkeiteslimits sind uns egal. Wir zahlen jeden Strafzettel sofort.
-1,Der Öffentliche Nahverkehr ist eine Geldverschwendung.
1,Es wird mehr Polizei auf den Straßen benötigt
0,Alkohol ist mir egal.
-1,Ich kann keine Korruption entdecken.
-1,Wozu Kirche?
1,Die Stadt soll eine Einschienenbahn bekommen.
-1,Die Beziehungen zur Nachbarstadt Schelbyville sollten ausgebaut werden.
1,Grüne Außerirdische sind in der Stadt nicht länger geduldet.