Mensa, Die Öffnungszeiten der Mensa sollen verlängert werden.
Wohnheim, Auf dem Gelände des geschlossenen Atomendlagers sollen neue Wohnheimplätze entstehen um die Wohnsituation zu entschärfen.
Philosophie,"Die philosophische Fakultät ist zwar gut für den Ruf unserer Universität, kostet aber mehrere Millionen im Jahr. Sie soll deshalb geschlossen werden."
Wirtschaft, Die &quot;kreativen&quot; Kooperationen der Wirtschaftsfakultät mit anderen Universitäten müssen eingestellt werden.
Technik, Das Budget der technischen Fakultät soll erhöht werden.
Titelvergabe, Die Vergabe akademischer Titel gegen Geld oder Gefälligkeiten muss aufhören.
Barodscheff, Der demokratische Diktator Joltawan Barodscheff ist der beste Führer Lampukistans.
