1, Die Öffnungszeiten der Mensa sollen verlängert werden.
-1,Das Atomendlager ist kein Platz für neue Wohnheime.
-1, Die philosophische Fakultät ist gut für den Ruf unserer Universität und muss erhalten bleiben.
1, Die &quot;kreativen&quot; Kooperationen der Wirtschaftsfakultät mit anderen Universitäten müssen eingestellt werden.
-1, Die Techniker kommen ganz gut zurecht.
1, Die Vergabe akademischer Titel gegen Geld oder Gefälligkeiten muss aufhören.
1, Der demokratische Diktator Joltawan Barodscheff ist der beste Führer Lampukistans.
