1, Die Öffnungszeiten der Mensa sollen verlängert werden.
1, Auf dem Gelände des geschlossenen Atomendlagers sollen neue Wohnheimplätze entstehen um die Wohnsituation zu entschärfen.
1, Die philosophische Fakultät soll geschlossen werden.
1, Die Kooperationen der Wirtschaftsfakultät mit anderen Universitäten müssen eingestellt werden.
1, Das Budget der technischen Fakultät soll erhöht werden.
1, Die Vergabe akademischer Titel gegen Geld oder Gefälligkeiten muss aufhören.
1, Der demokratische Diktator Joltawan Barodscheff ist der beste Führer Lampukistans.
